Id, rece_time, receiver, rece_tele, company, taken, taken_time, in_cup, pos_1, pos_layer, pos_colZXFEZOCJIVTKSLPO,2014-11-01 16:19:35,BCAJCSPGSDCFJIRM,CPGGCDYRATBSQYCB,0000,false,,shelf,null,-1,-1
JMLHAHUCFNBPHUNS,2014-11-02 16:19:35,MDBFRINPDDILCZSB,REHUTNSXRDWWWLSN,0000,false,,shelf,null,-1,-1
DVWWQPOEKTBMQBSG,2014-11-03 16:19:35,WWCJZOSXDRROYNJX,HJSGTAZBQTZFDHQV,0000,false,,smart_board,null,-1,-1
XEOTSRQTCDVAMFXK,2014-11-04 16:19:35,KVWMNHRGASXUYSMX,FFOOLXYPQUDLUTOV,0000,false,,smart_board,null,-1,-1
SNIXQUDCUJNIIVQZ,2014-11-05 16:19:35,FFQIQRRVANLTFHBQ,SGXXFXYLVTQZQCTI,0000,false,,smart_board,null,-1,-1
KUGMQUUASYJDJWIV,2014-11-06 16:19:35,MZBFBILBBQLFCTZV,FWXGBNIQHLKODPFS,0000,false,,smart_board,null,-1,-1
DKAAOCKHMAJMELDZ,2014-11-07 16:19:35,QMSFAJTOCBRQERUI,ODVYGCZQCCWQYONF,0000,false,,smart_board,null,-1,-1
ZTLBXIXZDXIUPHTB,2014-11-08 16:19:35,STBTVZACQBCYVHXT,BYHLRVLGUKRVNVEF,0000,false,,smart_board,null,-1,-1
OYRGKBGGUXSOMUPX,2014-11-09 16:19:35,KTJQPJLCVULTJOWZ,GPRXGNXYSLIPUHIR,0000,false,,smart_board,null,-1,-1
CIQUFQGEEOXZCQDH,2014-11-10 16:19:35,SGCFMPMNNTFDPDNI,EXJMNJBCHPHWOTSR,0000,false,,smart_board,null,-1,-1
ZCEJOTWSWRLOCXKH,2014-11-11 16:19:35,NMUWPKTQNKKFKYRH,PUZSKHFCYFGWLCRZ,0000,false,,smart_board,null,-1,-1
SPOGWYXUPORGBOIV,2014-11-12 16:19:35,SUOMYYNLSKLWCCCV,ZPZIPGKQJRQFEABP,0000,false,,smart_board,null,-1,-1
QXFOWDLCIVGQJTFI,2014-11-13 16:19:35,BZMLSHSZUOUCCOMZ,TPVHVQVCYXPJYVKS,0000,false,,smart_board,null,-1,-1
SUFCPZDKYWSOPNHL,2014-11-14 16:19:35,FXRBXSJMEANRSVNH,KBKZIULLLRWXXCKN,0000,false,,smart_board,null,-1,-1
NJMBSLWYFYKCUNAS,2014-11-15 16:19:35,OLZYIHJPNWLKYDOK,BFPIKIKGAXSNHMMK,0000,false,,smart_board,null,-1,-1
CZSGHPSAYXFHURXH,2014-11-16 16:19:35,VOSJQDBAPXPRCPNS,MBTEIQHOUSEGZPMT,0000,false,,smart_board,null,-1,-1
ETXYNWRMPGJKKBSX,2014-11-17 16:19:35,FENHHCVEBIMYYTUS,DKQDJPTNMWWRNQYW,0000,false,,smart_board,null,-1,-1
IAJMHIPBEUQAMZJE,2014-11-18 16:19:35,DIMZROWFHJRAIYLV,PDOZDWULBDUPEOTH,0000,false,,smart_board,null,-1,-1
RVFLXPMDQUUXHVRJ,2014-11-19 16:19:35,HJKVALZDQJCANPYK,WOZPHWUFVTDRDCJM,0000,false,,smart_board,null,-1,-1
TZETYUIABMZLYZYF,2014-11-20 16:19:35,RNUDNXTSDQKQTXDH,VDUSMBISBZSHKHDH,0000,false,,smart_board,null,-1,-1
WXWBRBAFBWPDFZUF,2014-11-21 16:19:35,VGPOVURGFHWZIWWJ,FRBADQXQXPSLCGRS,0000,false,,smart_board,null,-1,-1
BOHJDNBVNXQUJCIU,2014-11-22 16:19:35,HUOONPFOHWGRMEXC,ZKBFMLFDXKTTIPCD,0000,false,,smart_board,null,-1,-1
LFQXJRLUXNTURJAD,2014-11-23 16:19:35,NDGFZUCXMNPUTOLQ,FQTCTVKMZDAUIACT,0000,false,,smart_board,null,-1,-1
UNJBAJMXETLMWWEL,2014-11-24 16:19:35,AQJXRXYSNVDXOASQ,JKMXNYCBOWETXGYF,0000,false,,smart_board,null,-1,-1
MXWVLTNNZILBNDUN,2014-11-25 16:19:35,IDFJDRJWDSMCTPNT,PTLXLTLVNVTCAUNV,0000,false,,smart_board,null,-1,-1
YESPECJWIIIJPIRX,2014-11-26 16:19:35,UJJDWSMUWIURTACY,PVGRZSTHYLIRNTSQ,0000,false,,smart_board,null,-1,-1
IWUYFGYQZTBRDBOR,2014-11-27 16:19:35,LOYWELOJQCLXWRAB,KRVHLNSBPTKBXMGQ,0000,false,,smart_board,null,-1,-1
AMGJRSSAEWTBLDGQ,2014-11-28 16:19:35,SSTZDBVPMMGKSZWH,XKHFGFFJHMPNBRCN,0000,false,,smart_board,null,-1,-1
DCAYVCBJRXKXMJWQ,2014-11-29 16:19:35,VJWIRCAWMCQBTAOX,AYMJFPTOABERSHWU,0000,false,,smart_board,null,-1,-1
IFWWCTDNMJMCTFKR,2014-11-30 16:19:35,NPMDYVTHZPUQKQUU,LCBBYLLEXVGEMIBP,0000,false,,smart_board,null,-1,-1
QEGKNDBTBBFNBHII,2014-12-01 16:19:35,ENDTSMBFGEOQNSRS,GYPHBICMKSSXMJAD,0000,false,,smart_board,null,-1,-1
PETKWMNGAWBYWAEI,2014-12-02 16:19:35,TFOOSBIPVCTHDLTE,CSFCTHRYOBAKBMJS,0000,false,,smart_board,null,-1,-1
XAYDTPBMVRHXUNOG,2014-12-03 16:19:35,KQYFCWOEKTEWBABA,RPXGRZMVYMIBOKCN,0000,false,,smart_board,null,-1,-1
WDIEEFVQXZEWYUYP,2014-12-04 16:19:35,GALQTGUDFVNOFRYL,ZOKZRPVDFLPRTJIY,0000,false,,smart_board,null,-1,-1
GGUPLRASGFPXRRMC,2014-12-05 16:19:35,SZEYWZNBDLYQRGLV,EBKHWQYPBYVZSWDM,0000,false,,smart_board,null,-1,-1
YSXXHDTOKKKCHCWT,2014-12-06 16:19:35,QAKNAOFKJOCFLCHO,QOMSYFDHXTSHVHXT,0000,false,,smart_board,null,-1,-1
BPWLJGACCZRXVVZL,2014-12-07 16:19:35,IULMHCKISVXNODTB,ECADGFQEJGGCSZEX,0000,false,,smart_board,null,-1,-1
KDUXMHDPQBMBVEQN,2014-12-08 16:19:35,MDXGNCONRGNDWRXS,JOXBXOWKAEBVQDIP,0000,false,,smart_board,null,-1,-1
JLWNTXFQKGJBYSKF,2014-12-09 16:19:35,GPFWGHXUPSUEDSUG,AODYDIXNYJCDEBIQ,0000,false,,smart_board,null,-1,-1
TKQGFUDVCHUTWJPH,2014-12-10 16:19:35,IPXUFEHMNSZIOCHL,GIQCDPGWRYZFUZXH,0000,false,,smart_board,null,-1,-1
RODURJYSNLHSTGYC,2014-12-11 16:19:35,AYVUYFAFLAWGTNFU,DDLWRQBGTZYWTTVF,0000,false,,smart_board,null,-1,-1
IKMAISDDRURNXIIS,2014-12-12 16:19:35,MTAGIOEKBZXXIFIO,NGKPNCTBKMZSWOOP,0000,false,,smart_board,null,-1,-1
ZZTLVLBMWMCUSNZO,2014-12-13 16:19:35,JBAANEDHHTEPBCRC,SLNPUKBTWDSYDGYJ,0000,false,,smart_board,null,-1,-1
XRMYVTXLFWXCDPJY,2014-12-14 16:19:35,VDXKTJMTIIUYMXBC,LGTSLPABPQBLQNPL,0000,false,,smart_board,null,-1,-1
CYLZGZGIPZGSSIEE,2014-12-15 16:19:35,GGYMTGEWRMQLWQKA,WIEZXGIIPCKQPXWM,0000,false,,smart_board,null,-1,-1
GSMMLGCDACDYJMJB,2014-12-16 16:19:35,BRCGIMVBQHNVCZUU,MTNQOSJFSSVOUVPH,0000,false,,smart_board,null,-1,-1
HOLYGLRPLDOWYNGT,2014-12-17 16:19:35,WSMVSVPRKUZUHBJX,DNUUGMIXMOUIAUCI,0000,false,,smart_board,null,-1,-1
VLVRFIACZEWPJKIL,2014-12-18 16:19:35,SEEEJQWWPOQWKYAE,VLMXEXKUWJCNUAKV,0000,false,,smart_board,null,-1,-1
WBAMGULAXKCUMVJK,2014-12-19 16:19:35,ZPDRWYOEDCIINXWH,ZCNAHWANKNZFAAZK,0000,false,,smart_board,null,-1,-1
OIKWROVDIBPOQKDY,2014-12-20 16:19:35,GAHDQEGJDEKRUQGO,AMULKKIIKHAHRNJG,0000,false,,smart_board,null,-1,-1
WGLXRXFHYMMDXMBV,2014-12-21 16:19:35,USMMPJWFOEIENNCW,OIQKWTXRVFZDVIWK,0000,false,,smart_board,null,-1,-1
ZZZAXVTRRHLBLHKM,2014-12-22 16:19:35,BUBQJIATVOPCWDII,LZAXLOHZPTPDLHNO,0000,false,,smart_board,null,-1,-1
NLHCEPKONJTTYUOV,2014-12-23 16:19:35,CHPPNLHEXZIGLOZI,YMTABDECFGOOVUVT,0000,false,,smart_board,null,-1,-1
BNTTWWOZPBGZLVOO,2014-12-24 16:19:35,FMCZQEZJLUAUXDPJ,MYPVQJFAOJQAOFOI,0000,false,,smart_board,null,-1,-1
IDXXKOOSVGKSDVWQ,2014-12-25 16:19:35,ALUQGPSQAKXZOMFM,RRJAIVHJQXFHQUCV,0000,false,,smart_board,null,-1,-1
MIMXELIIWSRRYGAV,2014-12-26 16:19:35,JDXKNTZIDPDMVKNB,MCEBTCORSNAKRXVJ,0000,false,,smart_board,null,-1,-1
YVJXLJFLMRIEWSXG,2014-12-27 16:19:35,OPRSCWMOZWSOAYZK,VHQYYXNMBLSPMSZY,0000,false,,smart_board,null,-1,-1
JZRDKPGSENSUGNVE,2014-12-28 16:19:35,DNJZQIOSZVVUCUZC,YJMGCLTTGBMKOCNH,0000,false,,smart_board,null,-1,-1
VOPBIFZCSLGIYVFM,2014-12-29 16:19:35,CPCYYFNFNFVIRDVL,RFLBJAKHCMTLKLWS,0000,false,,smart_board,null,-1,-1
ENFLPGJGMPQLHWJW,2014-12-30 16:19:35,SDONHUCQPYEHFDYS,SNSKYRAWIVIIGPAV,0000,false,,smart_board,null,-1,-1
FZLYKOHLXREMFIZV,2014-12-31 16:19:35,POFGHMBBYJQWWHWJ,XZRCCUWTWDJNSATG,0000,false,,smart_board,null,-1,-1
NNQPFMPHUHERHAGP,2015-01-01 16:19:35,KNAYINOHFSJTERTU,ELPCEHWPMCJFNMUL,0000,false,,smart_board,null,-1,-1
ZHSPJDNQSPQIPKEV,2015-01-02 16:19:35,UBVKNCDJISCEFOAY,MEWBEUICEXHMWRTD,0000,false,,smart_board,null,-1,-1
SLOCPIPAJFINAKBP,2015-01-03 16:19:35,MYQDRLJDVFCWUFBJ,NWJZOHSTEWLCKJSQ,0000,false,,smart_board,null,-1,-1
XSSMCSVOSKININWC,2015-01-04 16:19:35,NCHGLMYAKTPMQANN,RGWAHOBIQVTTROGY,0000,false,,smart_board,null,-1,-1
BEZUQOPREXUFFRKJ,2015-01-05 16:19:35,JYHCKCUEJLIXNUVV,MOEBQALEZXVTWSZT,0000,false,,smart_board,null,-1,-1
KQUSHVWGAAKDFKOT,2015-01-06 16:19:35,IIEIYNURPLGRAGQY,FTOKYSKNGFCJUGQP,0000,false,,smart_board,null,-1,-1
QKCOEEVBKJLYQLDK,2015-01-07 16:19:35,UYLTEEJUULSIMTNB,XOKQBGPXXFTHUSHN,0000,false,,smart_board,null,-1,-1
PXNVIGBLYVHKCGQP,2015-01-08 16:19:35,LHNHMNFIMDSMAPXB,SNCWEDQPTPCDBJLQ,0000,false,,smart_board,null,-1,-1
CJDOLWCUXAYKTVIH,2015-01-09 16:19:35,LUNPXEYLLWJWSLYT,FMSOHQZHYXFECKOB,0000,false,,smart_board,null,-1,-1
JNGNOTUSUDZMHXTX,2015-01-10 16:19:35,EUGFLFKVLUIEOSAQ,DSBYCWMRTNUGUFQE,0000,false,,smart_board,null,-1,-1
UKXUPCNVBOABBXFZ,2015-01-11 16:19:35,WSNTKPHQXRZAIJFI,BMGOHURLBXVWBUEI,0000,false,,smart_board,null,-1,-1
ZHMSBDDTMUDBSFOK,2015-01-12 16:19:35,RVXQWVRNMVDPEUOS,MGWHUXOJWOUVHKGQ,0000,false,,smart_board,null,-1,-1
QKKCJLOSHGHAXORD,2015-01-13 16:19:35,ODQCBJPSFJRJPFFI,JTRYKWRZWAKFGGAB,0000,false,,smart_board,null,-1,-1
JHRNNDMBCDVFPROX,2015-01-14 16:19:35,STMLPCARDGPQIOFF,VCDUHDNBCNNWWGLT,0000,false,,smart_board,null,-1,-1
AGRAASDPZCNVZCPW,2015-01-15 16:19:35,HEMRKVRFOLTLFZMM,KACKPXUUOPRMQODI,0000,false,,smart_board,null,-1,-1
NCUXCZGKBDIKPACY,2015-01-16 16:19:35,IWOOMIZVZWTXLBVW,DPCUBCEMEPLQJLYX,0000,false,,smart_board,null,-1,-1
BNPDTMSQKWWAVTJQ,2015-01-17 16:19:35,LJTVLFYDONTQFCPX,TLKRSODPMOCEASDV,0000,false,,smart_board,null,-1,-1
NOXBJEXCSQGTHVZL,2015-01-18 16:19:35,BUFGBYPLEWAVADHN,CFMECXNYRUHLWAQQ,0000,false,,smart_board,null,-1,-1
LNZGDAROPZQQMTTD,2015-01-19 16:19:35,LXHWYRHJKRFVJADT,JITADBNWTFLAXOYB,0000,false,,smart_board,null,-1,-1
VUAEUCMRPUSUDLTS,2015-01-20 16:19:35,BTGEDDUKGJPQCXTT,CPAWBBJDLIRIXLPA,0000,false,,smart_board,null,-1,-1
QRGAXIWSAJFRSCCL,2015-01-21 16:19:35,CFLXZISCISTCABZW,WSZATMTXRZPFHIUC,0000,false,,smart_board,null,-1,-1
XBSWVTWIUDCRALWL,2015-01-22 16:19:35,NPFWVZTZLBRSRIQA,JDCJNSLSCSKTAHRW,0000,false,,smart_board,null,-1,-1
BKRVBWVDEVTBEDZU,2015-01-23 16:19:35,SUQXLDJCNNFCEOIG,HHKVXGDFSPFUTWLQ,0000,false,,smart_board,null,-1,-1
MIFRFAHHLKBSYNLO,2015-01-24 16:19:35,YFKGXCMZCITVPIDZ,UHQLHMYTNHPACOXQ,0000,false,,smart_board,null,-1,-1
AOBQRPWTNGXXNVTT,2015-01-25 16:19:35,VABGTMHQLCRIGJID,SULTDXANKRMQNFEK,0000,false,,smart_board,null,-1,-1
TMDXKTDZQWHZIVEW,2015-01-26 16:19:35,ZEBIGWIQXULTGLXO,BUFCAEHVDKIGGTXR,0000,false,,smart_board,null,-1,-1
YKAJHJXLKLXHGDMP,2015-01-27 16:19:35,ZYWTGVYKRSCOGIMP,INXUHVHUVIFXGAUM,0000,false,,smart_board,null,-1,-1
ZIZVPFRCVOMNUXPE,2015-01-28 16:19:35,FTQATFVAAQEETMCM,RJZVNBURIDKVVIBN,0000,false,,smart_board,null,-1,-1
IHORPFAWQVWGTGMU,2015-01-29 16:19:35,TOLTIKLLGKEBYJCM,LHNZPUCJKYBHZBIO,0000,false,,smart_board,null,-1,-1
VBDSBUJEXOHAIEVK,2015-01-30 16:19:35,XOJAPOPIRAILSQMO,EZVSXUCBJEYHXIGT,0000,false,,smart_board,null,-1,-1
QILSKZQISCZKBIVM,2015-01-31 16:19:35,MCBTCLTVZOPPRRVB,MAHRHSSIASSTWGNW,0000,false,,smart_board,null,-1,-1
DOEMNJBXDNKEUJLQ,2015-02-01 16:19:35,OSRDFVVXQPTNBJIP,JYATSHZBXZVONVDX,0000,false,,smart_board,null,-1,-1
LBCMODCGXPDXUEUL,2015-02-02 16:19:35,MGSIZBWQZWLTGJFA,RVERCRSZYEJCHDYZ,0000,false,,smart_board,null,-1,-1
OFTXXKKVCEQSWAMH,2015-02-03 16:19:35,QZKSJZVCPFIPHZJR,RFMPDVUZBMFRLRIX,0000,false,,smart_board,null,-1,-1
HVALWLKRDVTZROLT,2015-02-04 16:19:35,TXQTOYOETZHUHENV,LRYYQLUQZBRKQWAE,0000,false,,smart_board,null,-1,-1
WKFUIHAJAECOWSLX,2015-02-05 16:19:35,NCKRAMOVFNQJUMCC,YIALDGONCCIBCWUP,0000,false,,smart_board,null,-1,-1
SAZHZLFVIEBSNSMG,2015-02-06 16:19:35,FEPEUVRIDJTGTEKP,GROKCUYPNVRQSPFV,0000,false,,smart_board,null,-1,-1
HDAEMIRBSPMWNNHI,2015-02-07 16:19:35,TPUVSZYBYNAZEAZG,ESRVVSNUPVGTEPLO,0000,false,,smart_board,null,-1,-1
CEAWGGFHKRAKOEKB,2015-02-08 16:19:35,HJLNBWTMCCBEKIBV,YJWGOBTUPBEOOGJR,0000,false,,smart_board,null,-1,-1
KFHVLZJUHZDKSPDB,2015-02-09 16:19:35,HADLVWENQKISSDFJ,DSXFJSKTONSCRRQF,0000,false,,smart_board,null,-1,-1
TNTPXIDYCRUIBAJJ,2015-02-10 16:19:35,CFQMWFMLHGXLDCCW,BWTSFUIKVPWWQOXO,0000,false,,smart_board,null,-1,-1
TRIERRLFGSEKKXFT,2015-02-11 16:19:35,KXGWPFLVUKFEJYAF,ETZGCARWEYWTDLPT,0000,false,,smart_board,null,-1,-1
BYNZTGDWAQIZBMDD,2015-02-12 16:19:35,YSYKVBTJULIJUNWN,QRZFIBVBTSWWJLEY,0000,false,,smart_board,null,-1,-1
KEQDAFUQEPINYIBH,2015-02-13 16:19:35,FVXKZKWSADVCOLNB,XRVURNEKJTHWKVLD,0000,false,,smart_board,null,-1,-1
MALAQWBMQCPYEXHD,2015-02-14 16:19:35,CMCERMCQYCPONEVM,CGQCSAWJQUBWCBDS,0000,false,,smart_board,null,-1,-1
BBUHEMNWQCWCRXGV,2015-02-15 16:19:35,GATBFIJBYLNJGLGR,LLMUXKUNSAADEOLU,0000,false,,smart_board,null,-1,-1
OJXHRYQCPCOSLUYD,2015-02-16 16:19:35,LQZNAXFKVLMGMDFI,TNCCASXSNGDGAPMT,0000,false,,smart_board,null,-1,-1
QBWLZCKUGHUYYXDK,2015-02-17 16:19:35,SAUSWYAIKWGYLBRO,PLKXEAWTMMUHUWJA,0000,false,,smart_board,null,-1,-1
BFVRPTZCNKFBJJGX,2015-02-18 16:19:35,HENCARUQVSFMYDBC,PTJGVFDSNPEYLTSI,0000,false,,smart_board,null,-1,-1
WGKWWQADXWTTICJM,2015-02-19 16:19:35,TLCIMXVOAVSJXPMW,HWBLIVNWAJRZOXKC,0000,false,,smart_board,null,-1,-1
VCKQHJPKHNVLZILP,2015-02-20 16:19:35,NIVKQGRPIJXSYGOK,PFGKPSHPITOCBQMR,0000,false,,smart_board,null,-1,-1
IWAMNFWTNMSYPTCK,2015-02-21 16:19:35,DIWQKIWXUAXTCEFD,GUGFYSWYIWTMJZNG,0000,false,,smart_board,null,-1,-1
XMXCFHYDKDFZGDUK,2015-02-22 16:19:35,KLRHRPVIKTFVVIPF,CBFUECHMXMRMCGML,0000,false,,smart_board,null,-1,-1
WTYELDPLPJCYTRYB,2015-02-23 16:19:35,XRYWVBEYPHOGXZHK,WTZEGVWFZUUOPJHI,0000,false,,smart_board,null,-1,-1
AOSLLIRTRDXTDFQB,2015-02-24 16:19:35,HTPSOETNDBIFNAVL,SRCNVHPORMBOGUJE,0000,false,,smart_board,null,-1,-1
NKIDMEPGCNIRHGDG,2015-02-25 16:19:35,IKXDFGHZCAXYPAKA,NJGNKEXUHVGLBORR,0000,false,,smart_board,null,-1,-1
JDVEZQRIIYWTQHWV,2015-02-26 16:19:35,QVJMXXFIKNOOXUOW,MBFNVDAZCZUWDLVV,0000,false,,smart_board,null,-1,-1
OAIZEETIPCYEZBQU,2015-02-27 16:19:35,RDBEDSNJIVYBVJOV,FJPKGSTUTBSOWPRQ,0000,false,,smart_board,null,-1,-1
ZRDGETAEZKQSOBBR,2015-02-28 16:19:35,ITPMZNXHBDHYGPEH,TGPVTPTGPVRZNQAT,0000,false,,smart_board,null,-1,-1
HGDBRHKGFFBLJPVI,2015-03-01 16:19:35,UXCMDBKNFEZRATMR,TIMOJPNAUJCGRNRA,0000,false,,smart_board,null,-1,-1
JYZTKGMGYFAAQXCX,2015-03-02 16:19:35,XOHRNQSWCKMZQFDN,ICVAEFHVIKTXWPWH,0000,false,,smart_board,null,-1,-1
EBVWEQEAGBENEECK,2015-03-03 16:19:35,EKWPAWPTLBHAEDLN,HMJCLWPJWPCSPIEU,0000,false,,smart_board,null,-1,-1
WWEWQAVAJYCUILLL,2015-03-04 16:19:35,DOPABXLFJKTRIRFM,XHURAORBTYODKEQU,0000,false,,smart_board,null,-1,-1
CTHRDTRBINSWTVHV,2015-03-05 16:19:35,NKBHPJCUEENHADWG,JKGEALVTJEWXDLRN,0000,false,,smart_board,null,-1,-1
BWKHFZDROBSJARKU,2015-03-06 16:19:35,RTHBVDJDEVJUWTRK,MIBITHJMGNRVCIEC,0000,false,,smart_board,null,-1,-1
ONJLQEGZMPJZOGJS,2015-03-07 16:19:35,ZWHSKKOUBAADXIZS,ICOLJVLZGYCKQZNJ,0000,false,,smart_board,null,-1,-1
PIGRMVGDCFBUCMHY,2015-03-08 16:19:35,SPOZQWVBJEDCLXGQ,OCXOVKXBJWMKVDOS,0000,false,,smart_board,null,-1,-1
IFCEHANHCRISKQSS,2015-03-09 16:19:35,QMFROSWGSFZOBSZK,AGNJQDZNOUCYMUIC,0000,false,,smart_board,null,-1,-1
EYDFUVJFSSSQUOYA,2015-03-10 16:19:35,POAGGIQJEZTAPPRJ,UHWZEYTPXEBGWBDV,0000,false,,smart_board,null,-1,-1
LQECVDPLNOULOLZW,2015-03-11 16:19:35,XCFXVGVPJBAOOVBD,XVJCKJCDXMFVMKBM,0000,false,,smart_board,null,-1,-1
EPIJLUUYYSCQCCSH,2015-03-12 16:19:35,QRLWDPFJTMNFGSMZ,ISLZVVKCQICBCWAE,0000,false,,smart_board,null,-1,-1
VUBCIJDFXDKMHSZW,2015-03-13 16:19:35,QQVNRLGRKTUGSBBW,QPSXNSHIALJQAXSA,0000,false,,smart_board,null,-1,-1
HMVVDXGAYLWGIDOV,2015-03-14 16:19:35,VNJVTNMDTNUSBVEO,AESLDVXJTSLRQVMQ,0000,false,,smart_board,null,-1,-1
OWJBTASENZVHAKXJ,2015-03-15 16:19:35,QEVTRIULRISFMDVO,JKPDIMYGYOLSNFDN,0000,false,,smart_board,null,-1,-1
VXBTTPNISYIFKVIA,2015-03-16 16:19:35,CHWIAYFNQHLJNLEW,MHRWUMCTWMRLPCOJ,0000,false,,smart_board,null,-1,-1
QZKFUGBUQODAVLRP,2015-03-17 16:19:35,LMALSCRVTVEKBUNU,ZBYLCOEIKHLXKERU,0000,false,,smart_board,null,-1,-1
BPCCEFUFOKVTFOJL,2015-03-18 16:19:35,CLRYLNYNQCTUKMKW,DVULXRGKVXOCINSE,0000,false,,smart_board,null,-1,-1
LIVRCPXMNOSIOYOH,2015-03-19 16:19:35,FEPGEHSFTBHZWIWA,QRPVSOOMGZZAWMPS,0000,false,,smart_board,null,-1,-1
PBMZNUHUKMCMBGME,2015-03-20 16:19:35,ZOMOQARLQKZXOIHQ,YHJQMUYXTLISORQS,0000,false,,smart_board,null,-1,-1
TAFRWAYYETRQHHEW,2015-03-21 16:19:35,JXIIIBBRVLSVXYKA,NFKRPEBZTDPLNXQX,0000,false,,smart_board,null,-1,-1
EKOJTFDJENTMDHEL,2015-03-22 16:19:35,PTLXVFGEZFFZVMSS,PKNZPICLSSRECRWM,0000,false,,smart_board,null,-1,-1
TPPFANIMSCESGHBS,2015-03-23 16:19:35,ZBMLBTCIALJHODQO,XGJYSTMRSSTLDRQE,0000,false,,smart_board,null,-1,-1
HGGGILOVRQCYBRPY,2015-03-24 16:19:35,DQNZHERRPSKGHASZ,NHIKWRIXSDKNSOBD,0000,false,,smart_board,null,-1,-1
AKWTROODIBRIESST,2015-03-25 16:19:35,ECRFXTOIQQQBPMBM,EGAIEMXYKQLLFMUB,0000,false,,smart_board,null,-1,-1
INTEGQOUXFXJYUDR,2015-03-26 16:19:35,SUUXQUGOJBAQVZYO,VBWUWNZNESNHIINO,0000,false,,smart_board,null,-1,-1
VLVRVGLDYIXWDPGQ,2015-03-27 16:19:35,TZSYWGQXFHVWAAGQ,DVJFFVQULVOHHRXS,0000,false,,smart_board,null,-1,-1
VOYIDQRGTQJPYGVU,2015-03-28 16:19:35,MOOHMFNHNBVZKXEE,XADRWQDNSEWKHDGA,0000,false,,smart_board,null,-1,-1
ZQFMCSQRVJDRUBEX,2015-03-29 16:19:35,AXLTADZZGLFVEOAA,AAEEMSKRHFSKZZVG,0000,false,,smart_board,null,-1,-1
ICNNIXNFDDNYGMBR,2015-03-30 16:19:35,LVJSEWWMTBULISMR,OVPPTGUHYLCTYHHE,0000,false,,smart_board,null,-1,-1
KKJULHUZNKZZWFEF,2015-03-31 16:19:35,GZMWTRLZIGKUZKHT,HIZJUPMKNRQSEOSE,0000,false,,smart_board,null,-1,-1
JMYYDRFWLNHDWIOP,2015-04-01 16:19:35,BMSCMJLPULNULGGF,AQHHAGOHBFCFHRDN,0000,false,,smart_board,null,-1,-1
PDVHNRIBVLWRHUVW,2015-04-02 16:19:35,EGJGGUAWNASXUIQX,AHBAKDJJZLYCIWEX,0000,false,,smart_board,null,-1,-1
KAALWSVVQTWQDQAK,2015-04-03 16:19:35,OALFUJAESIHTQAVD,GSZNJYLWTFSODBAI,0000,false,,smart_board,null,-1,-1
XNYYHHOUVCLLVDMX,2015-04-04 16:19:35,TABIIOVKGXXHWKGK,BQCILKHLQMAQTNET,0000,false,,smart_board,null,-1,-1
TJASPISCHMSRISBX,2015-04-05 16:19:35,ZSXQEYGPQUHYESMY,DIGJZMBORXXSFXLX,0000,false,,smart_board,null,-1,-1
ARXVNROYGHBFRSKO,2015-04-06 16:19:35,OCRKAWAOVBNFIAXY,QYRBOXMYDHCWLNOF,0000,false,,smart_board,null,-1,-1
LWGWYLHRAALFZURH,2015-04-07 16:19:35,FJZCKLUPUUPLYOHW,LZTUGKIZXEYMETWJ,0000,false,,smart_board,null,-1,-1
DMTNPKGNMRVODHWZ,2015-04-08 16:19:35,GVXQJGJVRRICKDMW,SPGYUNVVPPXFKPMA,0000,false,,smart_board,null,-1,-1
ZUIVJXDPSOANGRET,2015-04-09 16:19:35,HMUEYGDZKLUWTPXV,ADDETISVLEPBRWOP,0000,false,,smart_board,null,-1,-1
TGZKYYGFVKKHUICY,2015-04-10 16:19:35,QUWBNNVKAKVAUURO,INSGBLUTENTCCAVL,0000,false,,smart_board,null,-1,-1
HQUIMUCAROEMSDDQ,2015-04-11 16:19:35,CWVPIIHECVCVEVJH,GHOKVVONWJCNUONO,0000,false,,smart_board,null,-1,-1
AXQPCQADQJOUJOFJ,2015-04-12 16:19:35,BWESHLDXKMXGRBGK,UVVEFPIZIYVYYQGP,0000,false,,smart_board,null,-1,-1
ZMFIVFERNXRWFEFF,2015-04-13 16:19:35,TFBVAPELPLNUBCTR,BSVQINYNVJLPXIMV,0000,false,,smart_board,null,-1,-1
FDFTIUZWNMXRNMOJ,2015-04-14 16:19:35,VPFLRJRSFRXEQITE,OTKGSKIGFSHHNIIU,0000,false,,smart_board,null,-1,-1
IEMDGDNUEIJTAJJF,2015-04-15 16:19:35,NJPHUHPQJJZFHWDS,HHNKXFEKABVTDCCM,0000,false,,smart_board,null,-1,-1
ECADDXWMXAJPUHMO,2015-04-16 16:19:35,LKUBPGHZUMBGHXDG,UEDEEYMGPRXYIYOO,0000,false,,smart_board,null,-1,-1
WUNKIJJZBSJUXZDS,2015-04-17 16:19:35,QHPCPCIITCODFZAM,NCVWPWHLKVAARAEG,0000,false,,smart_board,null,-1,-1
MCSJMECDSJLPRYST,2015-04-18 16:19:35,SXBYBZRPCNKOGAZK,XUFVEKDYMPRYKURB,0000,false,,smart_board,null,-1,-1
TAHLQTBZBNSJOQCZ,2015-04-19 16:19:35,HHIBAGVGXMJDHHEQ,KIXHLNPDLEJLTCDO,0000,false,,smart_board,null,-1,-1
EVAAZPQTNOUDLPBA,2015-04-20 16:19:35,BKHKAGGXKDCXUZVI,XHFVGMTDRTIRLCIZ,0000,false,,smart_board,null,-1,-1
IRXHAOTYHJNNBFMQ,2015-04-21 16:19:35,WAHKDZPHHRZQUYBL,WFVDJNNPWNSLITWN,0000,false,,smart_board,null,-1,-1
UOLQPZCGNYJBEHUP,2015-04-22 16:19:35,MYETUCCUNMOHLOAB,HZQBYEBMUTBIXPVS,0000,false,,smart_board,null,-1,-1
RCMKAJMFGRWEUIDQ,2015-04-23 16:19:35,HFGRCFVWSDFPISVR,CKSFFGEMAFYYVOGH,0000,false,,smart_board,null,-1,-1
TBQTSRBOHVJGVGJY,2015-04-24 16:19:35,WFHZATLTKHPGDICN,NMCHWVXQPDVQVIZC,0000,false,,smart_board,null,-1,-1
AWWPTGAMGIUBTUEI,2015-04-25 16:19:35,NURDKJWYZVRBHGRT,QJDJNUKGQQIDJGOP,0000,false,,smart_board,null,-1,-1
THNDENTTEXDWOGRG,2015-04-26 16:19:35,ZNQUWESYJPJACQCM,MHYFUODVYLZUJZBX,0000,false,,smart_board,null,-1,-1
VINNNCCLVHNALBTL,2015-04-27 16:19:35,GARIKJUCCBEQHMGJ,SDLCMBKJWPVUZOVF,0000,false,,smart_board,null,-1,-1
PZGLFNKTZTEFWZAG,2015-04-28 16:19:35,HRQMWITEIIZRLFXD,JYTZLIGPPJMSHQNK,0000,false,,smart_board,null,-1,-1
CRMOEHFGONDDRSNT,2015-04-29 16:19:35,ETVSUOFXTPTXIFNV,GNSIYUILATJNMUQB,0000,false,,smart_board,null,-1,-1
GQZPKHONWADWWYUE,2015-04-30 16:19:35,VWABKQNWJMASGZTK,LEZLKMJCDQKUNXYV,0000,false,,smart_board,null,-1,-1
QGLUROSNNPSFTMPR,2015-05-01 16:19:35,JTNOYSSDCUBWJAWQ,TCMXLDDDEEKHWJQF,0000,false,,smart_board,null,-1,-1
KCLDDWYYRXSONXFK,2015-05-02 16:19:35,TVQBGTPNZECSFBWI,DIEGSQJJMIQIFKIR,0000,false,,smart_board,null,-1,-1
WCDGJNCPSYFDOIWZ,2015-05-03 16:19:35,GWSJKQAHFSGQCKCE,WTUZNYBSCFJAUZVP,0000,false,,smart_board,null,-1,-1
ZVNLFTLEDGOXZVBC,2015-05-04 16:19:35,SLAVNOOIXHVHBWUK,UJXONSXSUFYBZWSF,0000,false,,smart_board,null,-1,-1
SLVGWBHJLDGREHPB,2015-05-05 16:19:35,IXDUWJNQIHWXHCQX,UMBDXCBBMGWMBIDZ,0000,false,,smart_board,null,-1,-1
VFASQTFWPFVWGKLU,2015-05-06 16:19:35,BYPERQPHUFPTGAUN,GONRTQYKALTGVPFB,0000,false,,smart_board,null,-1,-1
XQFTQGFSKHZXXICH,2015-05-07 16:19:35,OFAHVIHNCXFQKDKL,ZVYHDVDUOLRAVNJE,0000,false,,smart_board,null,-1,-1
SJAHFAIKFNGSDYKD,2015-05-08 16:19:35,ZDYKAUJWBKSCDJPB,LUGEIXCRLBGWWEQL,0000,false,,smart_board,null,-1,-1
EQRWDOTLRYBVKJDA,2015-05-09 16:19:35,DARPRMNAEZCSWFLL,OQJWYKBOMICWWXKP,0000,false,,smart_board,null,-1,-1
CUFMIKRXEMOWFHWC,2015-05-10 16:19:35,PBYRSSNJGEMPCGLQ,KVSDSMDBZSYMEQUX,0000,false,,smart_board,null,-1,-1
DBMRXOKTEHWSOFOO,2015-05-11 16:19:35,OFCKZDCPWATFZAFF,AFCTPKIBDICQKLSF,0000,false,,smart_board,null,-1,-1
FFAOKXBOEZFSKDNN,2015-05-12 16:19:35,TZLVLPGJLKINISHA,HIMNXMFAYYWYFFGQ,0000,false,,smart_board,null,-1,-1
CFBAFGUVIMUZAZPC,2015-05-13 16:19:35,UONSSZVJIGLDPBCN,TENNSNHOXMIASBCZ,0000,false,,smart_board,null,-1,-1
KXXTVZERNPVXUZUI,2015-05-14 16:19:35,AOJMEKAXKXJTFYRF,GXCOJUZIFCBLPXRH,0000,false,,smart_board,null,-1,-1
FGAQHYOMJNAOJFXQ,2015-05-15 16:19:35,OCBPVMWQFJMKUCJF,VSXWJTGRKWTHKGGN,0000,false,,smart_board,null,-1,-1
KDTQHQPGLXFDUNPU,2015-05-16 16:19:35,CDNOTLQDSCJNNZLO,IJMCUHVKTPTAPUCU,0000,false,,smart_board,null,-1,-1
AUFBWDGGXKNIXAJO,2015-05-17 16:19:35,HRHSCALCXWCTYRGF,DRYHLAMSAYORYKDL,0000,false,,smart_board,null,-1,-1
WECEGDFSVRHNPOUJ,2015-05-18 16:19:35,ILHSXIHERJICVDZN,FTOVIZNABSBFOPRZ,0000,false,,smart_board,null,-1,-1
WERDIAKEUFZECNKZ,2015-05-19 16:19:35,YLGOKNGBMBJUBJJA,PRFFVEEFVUFJZFJQ,0000,false,,smart_board,null,-1,-1
EGSIPKGJFLBLBZMC,2015-05-20 16:19:35,DKXVPSTIPSCRQMLN,FOLYJXDSPGPDUSBV,0000,false,,smart_board,null,-1,-1
JUYWJYWHRCFQFTOL,2015-05-21 16:19:35,EHHUDDLKGZUPSOVJ,KVCCOBJCKDWJUIJP,0000,false,,smart_board,null,-1,-1
BAUIVUUXHMFLDOHO,2015-05-22 16:19:35,SERXCSOBCISFOLTP,ZXOMAPPCNUPFKNFR,0000,false,,smart_board,null,-1,-1
OEAXQEBCXOXLXSIF,2015-05-23 16:19:35,CITSCKZIFIJHVPFT,QEPQJWLIHMVCXVBR,0000,false,,smart_board,null,-1,-1
MUDFBNGSTBFVOJMU,2015-05-24 16:19:35,ORSNHRCWSPIVZKOQ,SSHDNSMPYWYMLTEO,0000,false,,smart_board,null,-1,-1
WSICTCRENLBRYKKR,2015-05-25 16:19:35,EJXCCFASIGYDGCUS,TSVRVMQIBOGUPKHA,0000,false,,smart_board,null,-1,-1
PMFMMPDWQTFIVXBF,2015-05-26 16:19:35,MWUNENFYCGWBTNBV,OGKOWLFKAZZIODMH,0000,false,,smart_board,null,-1,-1
OHUESLSQPRSREIDY,2015-05-27 16:19:35,WVNSXAXTBZHUICQK,CQSQRHDCEVDBFQIS,0000,false,,smart_board,null,-1,-1
VBBGGLDEPAWEBGJK,2015-05-28 16:19:35,CVGJRWPTFWBBLJWK,CDLCWFZSRREJCDJZ,0000,false,,smart_board,null,-1,-1
WORDXJJAMZSDLECO,2015-05-29 16:19:35,MGBXEATKWXOQKVBJ,KWEWMJQQYBORUHDO,0000,false,,smart_board,null,-1,-1
CQWENIRKLYDKTLYB,2015-05-30 16:19:35,RBLWCQEPAXXXKQSS,SPKGQEFNSABCQMVH,0000,false,,smart_board,null,-1,-1
EXHVVYAIAXMSOVXY,2015-05-31 16:19:35,BDALLVZPXWHXSSLJ,IAIXMEREKHLTLDOO,0000,false,,smart_board,null,-1,-1
FWJILDCYBGIXLYIB,2015-06-01 16:19:35,OFBIPGJJGZNROSNE,DMRTPNZGPQKTHHHN,0000,false,,smart_board,null,-1,-1
ULGWFUBWICYXICVE,2015-06-02 16:19:35,TXKPGIGEMDKTAPAD,OSROBDJQBTHEYKKS,0000,false,,smart_board,null,-1,-1
AMJMAUWHIGQQKCSA,2015-06-03 16:19:35,EQLVKDIWQTEJTNWJ,URNLMQPCXDICTRXL,0000,false,,smart_board,null,-1,-1
YLXKTCHTCGNELNAQ,2015-06-04 16:19:35,HYKOVBBRULPSBRYT,USFGMPDMIOILLMGP,0000,false,,smart_board,null,-1,-1
ATPFOLODSWJDNRBL,2015-06-05 16:19:35,GEHTYILKLYTETAKS,WNCUYFQCDKPSIVLN,0000,false,,smart_board,null,-1,-1
ZJXBWFECJUTDDMCP,2015-06-06 16:19:35,NEOGEPPDDAWXMMNG,KHNMTUKJBCFOKQVI,0000,false,,smart_board,null,-1,-1
BLHZMAQZYBJNBTEP,2015-06-07 16:19:35,WDXCPJAJZQXACLVX,JVHCHMOAHWJCQWCX,0000,false,,smart_board,null,-1,-1
BCSXQQVQBYGVAXSP,2015-06-08 16:19:35,VYSAJKFJEAYKUQWA,JKMEAGHMTPQMLRZW,0000,false,,smart_board,null,-1,-1
SKJUPWZWXLLAEYWC,2015-06-09 16:19:35,UNAHWQCFNADJSZZA,JPDBFFURURSGAGBT,0000,false,,smart_board,null,-1,-1
GOMKZUBHISBPQVIH,2015-06-10 16:19:35,YSZLWGVOSETZJBOI,WVQHVEOREJVPHORX,0000,false,,smart_board,null,-1,-1
CDVOLQYIRTHISOVE,2015-06-11 16:19:35,EZXVISUNFRIXCSTC,DRSVIAENOCGGYKNL,0000,false,,smart_board,null,-1,-1
ZJQPNWSKMKGTTWKN,2015-06-12 16:19:35,PJRQXAVYOWGODILQ,HCVSZMGERZZQAVNJ,0000,false,,smart_board,null,-1,-1
YJOOUYQQDHJGDDME,2015-06-13 16:19:35,PCUBTFQVUJHRYNQV,OOEBWXMEMZSKKDEN,0000,false,,smart_board,null,-1,-1
YFSQYZJPGSOGHWSE,2015-06-14 16:19:35,OMJEGGIRAYMPWVZW,ENKVHZQUKSAYPYJL,0000,false,,smart_board,null,-1,-1
MLCNEIZGMCHDGWNR,2015-06-15 16:19:35,HMQCIUJYBRUGUXYI,LZVTFCKEMYGAOJOZ,0000,false,,smart_board,null,-1,-1
JMJPKHAUZWHHPCGU,2015-06-16 16:19:35,ULFJODEKSIQTGUAO,FDUXAMXKXLWCRFGI,0000,false,,smart_board,null,-1,-1
FLCVQLAJTQTITBVA,2015-06-17 16:19:35,XLOSKMKMAXEKRBTS,IKKHHSZAOFXFRHKM,0000,false,,smart_board,null,-1,-1
HNJMTNPCEGTNENDD,2015-06-18 16:19:35,TDIZVPMHEDNMZMTL,QIANDOZGGJXTLNXA,0000,false,,smart_board,null,-1,-1
HOPLHYCGSRMUUMKO,2015-06-19 16:19:35,ZWKUNUUYVYGBHZWV,IELHFUXBHRTHRQAR,0000,false,,smart_board,null,-1,-1
JNUDGVYMWMCBWXWZ,2015-06-20 16:19:35,LFEUNWTCGOIDRMVT,URRNSMOGJCAWDEUQ,0000,false,,smart_board,null,-1,-1
SYIXIOKNHBDPITNK,2015-06-21 16:19:35,RXXXWXQPCCLCAHKR,ZOWUTOWIDUHKUCDT,0000,false,,smart_board,null,-1,-1
ZPVDLNLKRROADRBH,2015-06-22 16:19:35,DYQIFQXGOCPFBRMK,TSUKDWIEUQIMBBGS,0000,false,,smart_board,null,-1,-1
SPOLSDFUHSVRFXPK,2015-06-23 16:19:35,UWLSFILILZFKVEFE,ONWFCNMDRYSPAEKB,0000,false,,smart_board,null,-1,-1
DFRXRAQINVNWCOXC,2015-06-24 16:19:35,KJIRNELDHXUSAVXH,OMITKICBMEDDZYRK,0000,false,,smart_board,null,-1,-1
OZLLQLRIOJMMCDVY,2015-06-25 16:19:35,TBWTQHDKNGBPGCPX,CZCZDLHEOZFNRQJH,0000,false,,smart_board,null,-1,-1
CBNHCDPZVQJSMVTP,2015-06-26 16:19:35,LBYEJWUVAPRFTNEH,WRURWGPRVLNTBRJT,0000,false,,smart_board,null,-1,-1
DGSHIDDLMAAHOZEQ,2015-06-27 16:19:35,CKAZIVTHPWDRPGIP,ONIPRMWCCSZQLHHE,0000,false,,smart_board,null,-1,-1
AACBYWDGAWBHPKXN,2015-06-28 16:19:35,LIGTDKSFZPNYTAMW,RLOBOAIAYQNAXLVU,0000,false,,smart_board,null,-1,-1
BGGOOZVOBFXYVPPR,2015-06-29 16:19:35,WKOTTLPAQDFGRUPI,CLMXJVUBAIKWCZSS,0000,false,,smart_board,null,-1,-1
LFCHQAUYSNIFQBDD,2015-06-30 16:19:35,EMNHIEDDOKTWYECC,BXHYRAQCEBCCMVKF,0000,false,,smart_board,null,-1,-1
QWBINJSOTZDONHHN,2015-07-01 16:19:35,IQKDJVZCTYABQOPE,JTGHPPGEJXUCTEHI,0000,false,,smart_board,null,-1,-1
EPRFTREXQIWKAOKD,2015-07-02 16:19:35,FNDVAQXDXNERWWTH,AJLTBZMBFBDQGUKT,0000,false,,smart_board,null,-1,-1
RRUCVPFINKBJWTDE,2015-07-03 16:19:35,KSKLKPKRBISSDDSI,WSFHOBVJTVSFJCQJ,0000,false,,smart_board,null,-1,-1
UPDHSCFPLKOHAZIR,2015-07-04 16:19:35,RVFQLENNKVUGXCTV,CVZNPMFJEWERHMOI,0000,false,,smart_board,null,-1,-1
HVBYWKIPXSXGPMGA,2015-07-05 16:19:35,WIHIGUDTHJNQICTT,WCJFQAGJAUPBNNDL,0000,false,,smart_board,null,-1,-1
WUFMNNNGJEHCLKCQ,2015-07-06 16:19:35,OILZPDMWGFSLMTTQ,SBAUHSKYSKGWQKIT,0000,false,,smart_board,null,-1,-1
PRFNVPJOJATSZAVE,2015-07-07 16:19:35,NKQIIIKYZKYRJAYS,NKOHMBPMNWLIPFEY,0000,false,,smart_board,null,-1,-1
TMGCEXRKIKJINDCO,2015-07-08 16:19:35,JUPIUQHCRWNIZNLA,ADQLQNPSOYWYDWHV,0000,false,,smart_board,null,-1,-1
QADVZXZNJCRRUEYJ,2015-07-09 16:19:35,NNTHTCDNFHQQICZO,LFFBPWXFHEWATTTO,0000,false,,smart_board,null,-1,-1
BITDYQCUUGDGLJTM,2015-07-10 16:19:35,GGENBJQXNPATVMRI,SFUYSLOLSGXWGEYF,0000,false,,smart_board,null,-1,-1
TIJFKOTVIWWROWAF,2015-07-11 16:19:35,YARQJDDPGLGAVIYB,BPEXZPVEXLBEBWBG,0000,false,,smart_board,null,-1,-1
QWELRALJGXQUHVDP,2015-07-12 16:19:35,IWSWRGUXBVOAHOEE,OCOUANSBLUPWOSXB,0000,false,,smart_board,null,-1,-1
YXHEMMNMKGJNLCPO,2015-07-13 16:19:35,QAVOJQSSTUIJEPUI,PTDUVAQOADDGRUGJ,0000,false,,smart_board,null,-1,-1
NFFDWEFCDHPOMEDN,2015-07-14 16:19:35,POJPGAMYBSKZGRJB,WZZKEUJYRHIERPLM,0000,false,,smart_board,null,-1,-1
WYMIXGTEPHXPPQEA,2015-07-15 16:19:35,UUSDDYTPVWVQFMBV,DQJOSJIUOBQAFZFU,0000,false,,smart_board,null,-1,-1
PNWMLQOJDQCKDXGB,2015-07-16 16:19:35,ZPPCKKOKFOBWNIQH,JERWZTEBEZVDEPRJ,0000,false,,smart_board,null,-1,-1
PDUDGUUYFZKNBQDZ,2015-07-17 16:19:35,SNRWREIZMPPUZERM,KFLTKDBTINXZVRBN,0000,false,,smart_board,null,-1,-1
TNWFUHJDNXCAQBYV,2015-07-18 16:19:35,UPPRKYIIIFGFJVQE,XQWPPQRHFDOALPHC,0000,false,,smart_board,null,-1,-1
NHIAKOKLSBLBPRUS,2015-07-19 16:19:35,XMTWUZMJCJSLPMBF,ZIIAKSKVKESGBDMO,0000,false,,smart_board,null,-1,-1
XDUEKVUUEUZUSCTC,2015-07-20 16:19:35,BDQRIXREXUHQLSWU,YYHDXJATBVNBCQUN,0000,false,,smart_board,null,-1,-1
TBUIOMLEYZAYGBZB,2015-07-21 16:19:35,LOQRJRJTWFWCFOWV,XGXZFCLCPCWXBMCL,0000,false,,smart_board,null,-1,-1
HAZRGBQEEMIFGMOO,2015-07-22 16:19:35,HYYTOJEGNWRPQRZS,QKZIEUPHIPMMWRYG,0000,false,,smart_board,null,-1,-1
YLSFKCEXTUQRCMJX,2015-07-23 16:19:35,RJNZVVABPXRIHYZE,GSYMDRGLIQANPSFG,0000,false,,smart_board,null,-1,-1
GWSSRLFQVZGQESUB,2015-07-24 16:19:35,XJVXTZXRWZUKDMWM,TSLKEGDMDICZSTCG,0000,false,,smart_board,null,-1,-1
NSCYFNPDFMAFJTHV,2015-07-25 16:19:35,VEXWEQKXJQTJVYGB,DZEIMUCXWHUGIYEZ,0000,false,,smart_board,null,-1,-1
EBKAEEKERBIDFMPG,2015-07-26 16:19:35,KTTLKZWTAGOVWEPE,RBKGXEDDXFHYCNGG,0000,false,,smart_board,null,-1,-1
EZEKUUPJTZTIMNLH,2015-07-27 16:19:35,WUCTIPSIEPLXZXZN,KEERFSAQBUFEKCMC,0000,false,,smart_board,null,-1,-1
DWQOQNKHPSKUTBRO,2015-07-28 16:19:35,MOJSHCQSNGOXQLLN,YFXTXPWJDBJDHBPZ,0000,false,,smart_board,null,-1,-1
ZPCZXHABMFKLISUA,2015-07-29 16:19:35,GYQHULMYYIHZQHLD,TFKTGTTJTNQZFSOS,0000,false,,smart_board,null,-1,-1
MQKWLQXBLQUOKKNZ,2015-07-30 16:19:35,KPKEXHOHASFPEFDW,NAPHTDPWCIVATBNP,0000,false,,smart_board,null,-1,-1
XTKNSEUYDITOUBAA,2015-07-31 16:19:35,IPWKENAMUCVZMMQG,LVYXSMHSZHWAIXDH,0000,false,,smart_board,null,-1,-1
DYPPEQPHUFXINAGS,2015-08-01 16:19:35,ILTJVTWCQHPTENMV,CAIPXLSCQCVDERJF,0000,false,,smart_board,null,-1,-1
AUHGQUVAFALCQTLV,2015-08-02 16:19:35,QZEQCRSUEVXDJBPT,FKWPFLAXNCVCYUTL,0000,false,,smart_board,null,-1,-1
ZWZSTUNUUZYTELKQ,2015-08-03 16:19:35,TUAHFUIGULTJTYDA,ZXFRCVVWPHTHDPBQ,0000,false,,smart_board,null,-1,-1
PZPZYWSAWMPBMOQH,2015-08-04 16:19:35,JGWSMDFUZPCTEOWT,TMFWEGQJTZNJYRNA,0000,false,,smart_board,null,-1,-1
RXMGTTGXJZUIETNE,2015-08-05 16:19:35,XMXURDGXDPYLUSOZ,ZACKWBHBIRLBCVHI,0000,false,,smart_board,null,-1,-1
YTETCIDXKPXILLOJ,2015-08-06 16:19:35,JGBBIQEDTJPKNTOD,CJRSKHKPSRLUXIAD,0000,false,,smart_board,null,-1,-1
GHMALDOCVUJZTKFB,2015-08-07 16:19:35,UBLOXEHMWTSVYSXX,OQTWCYCAPOVQGIOO,0000,false,,smart_board,null,-1,-1
ZHHXAITGOMLBGMMQ,2015-08-08 16:19:35,TQRKPBNFTOEEAVQA,HIZAMYAYYDKUQFQU,0000,false,,smart_board,null,-1,-1
FULQZOOEQNXEASLL,2015-08-09 16:19:35,PHICKWHXUVGHHTFS,THEWDFOHJNQRZESC,0000,false,,smart_board,null,-1,-1
MXMCPDWCOUOQUOEP,2015-08-10 16:19:35,NCSMHVJVEPKVTMBT,APJGOFEDVEEBTPWV,0000,false,,smart_board,null,-1,-1
HZKORVVBMGJHMLLQ,2015-08-11 16:19:35,ZOEZUNUAJKRGFNCF,MHAOIAVJNRFRIIVS,0000,false,,smart_board,null,-1,-1
QSZRKQASOWQMDISC,2015-08-12 16:19:35,SXKTXDHJESXYOTGD,KIHEIAPTHFFVIBFS,0000,false,,smart_board,null,-1,-1
MZOVPTGHCXEVHADX,2015-08-13 16:19:35,UKTDSCILOFLUNTZU,IQYKOJAHYGGYYNDU,0000,false,,smart_board,null,-1,-1
QUUNZLAVZVDDPLLZ,2015-08-14 16:19:35,EHOCKKJNWSENCGJJ,CTLWFPAKYGNFUBSB,0000,false,,smart_board,null,-1,-1
LZTCUMVFUTRAGWJU,2015-08-15 16:19:35,MVOXUASQEJTFTNCZ,XIXHTSLGUQZNTKOS,0000,false,,smart_board,null,-1,-1
AKIEESECBTNVRLIU,2015-08-16 16:19:35,YUNYWWRBTOTXCQPP,TGJAMEUXLKDIGJHZ,0000,false,,smart_board,null,-1,-1
RTIABLYQWWMGNKOQ,2015-08-17 16:19:35,IFVJSTKICELCBQLX,PFJISSWOZEMYVWMM,0000,false,,smart_board,null,-1,-1
QPXEJUSZKPNVGJGT,2015-08-18 16:19:35,OVVVLXHBHKUHKAKE,WVJDLORVRWNGOEDM,0000,false,,smart_board,null,-1,-1
UHMSFFGUPBDPRAJI,2015-08-19 16:19:35,SUQTDOLEAHZEHTHP,RRFZMJSFNFPNYKZD,0000,false,,smart_board,null,-1,-1
SAVWAACAZXJJMHNW,2015-08-20 16:19:35,AOCQTXZFXXGSOWSN,NYUDTJVHGWGUMZFO,0000,false,,smart_board,null,-1,-1
VLMNWGZGENBRSQDY,2015-08-21 16:19:35,TVEMSMSMLZVCVHEM,FJAIQIFGXUKAQVJV,0000,false,,smart_board,null,-1,-1
OBBHZOQKHNMEDHTV,2015-08-22 16:19:35,FILATTMETTFWIYWA,TLNWXFXEYXQUQIXC,0000,false,,smart_board,null,-1,-1
PDZFSEHUOBCDHRIN,2015-08-23 16:19:35,TIFPAHGYMJVHHWXB,ZWQJBLBICMLUHRBS,0000,false,,smart_board,null,-1,-1
OENVKOMLVJLXYOSZ,2015-08-24 16:19:35,PSWIAWCBMPZWMRHW,YCGPKDARTKGGFMXD,0000,false,,smart_board,null,-1,-1
AFNKXZVDBSHBESIL,2015-08-25 16:19:35,XVDFMULGISMREFVK,XLMPZXIODXPTVTVC,0000,false,,smart_board,null,-1,-1
WNWGITVEILLKDGIX,2015-08-26 16:19:35,TJECZTOKARQJEFSE,NCPYNPMXKZPHWHKC,0000,false,,smart_board,null,-1,-1
WKKNTAQHWYXCPASJ,2015-08-27 16:19:35,DDERWHSEHIHEISXB,DFGBXGNRMMASMQLD,0000,false,,smart_board,null,-1,-1
BJHGQSPDTMGBAWPX,2015-08-28 16:19:35,TJNNVWCAPHIQTFHH,BATWBRUSRKWRXBMH,0000,false,,smart_board,null,-1,-1
DBNPHUSHVGFUJLGO,2015-08-29 16:19:35,XPVOWIZZJNODXGDI,OMPBPRRIZCDBQYLG,0000,false,,smart_board,null,-1,-1
MMEZOUMNTZAZUGOT,2015-08-30 16:19:35,OVWGXCYXCFTMXGDA,LSOOPYUIPAUDGENF,0000,false,,smart_board,null,-1,-1
NEAPSIXVOCBLSNFA,2015-08-31 16:19:35,JFVEQVMYTJNJCTOY,TKIPEUJIVIGUVNGB,0000,false,,smart_board,null,-1,-1
QTQEZRGOXJSMFRYU,2015-09-01 16:19:35,TBWUEONQJLIHIGRZ,IWPNLEAVQCTLHEKH,0000,false,,smart_board,null,-1,-1
MZUOHUQLLFBJOGVW,2015-09-02 16:19:35,WGLPTKWNEPBMCNND,KLXPCNHAWWRLWGEZ,0000,false,,smart_board,null,-1,-1
KLXIJVQQZSHJFLTV,2015-09-03 16:19:35,HZVWNLGVEFASYBOV,QXQNOKTEZUBNGJPL,0000,false,,smart_board,null,-1,-1
VJZXFGSYECZHKBAQ,2015-09-04 16:19:35,JUNDSWQHHWPURMLT,TDGOHFKWXYEVFANT,0000,false,,smart_board,null,-1,-1
JXXEJMUDMUYTYEZF,2015-09-05 16:19:35,ACIPPVLNFTBUMVET,YENTSOUYYLSOXPYZ,0000,false,,smart_board,null,-1,-1
GQARWCLHDSZZALIP,2015-09-06 16:19:35,IXCWOAFFGECQHDMH,NLDCUAVBUGXGJPUZ,0000,false,,smart_board,null,-1,-1
UQYXDRMMWPAUUHAO,2015-09-07 16:19:35,NVJJLXSJHLEOSEZN,LOFAOFZNPKAEPJZU,0000,false,,smart_board,null,-1,-1
NUHTRJFJHJKVCRKF,2015-09-08 16:19:35,SIIJRGTUYICGMXCH,TIROYSTJGMLFUFYH,0000,false,,smart_board,null,-1,-1
TOGHFUPIVBDHCXLQ,2015-09-09 16:19:35,RTHJFUSHHZKPGIZG,CGFJEIOHVXFULHAZ,0000,false,,smart_board,null,-1,-1
LDFZIEEGNVITBIZV,2015-09-10 16:19:35,DPZFZRWMMCDYFGLL,BETJRJRDMLGAWGAT,0000,false,,smart_board,null,-1,-1
CKXPZUEZDFFKGMCF,2015-09-11 16:19:35,MOVDRRTYNEYEIPJF,IWWQUJGSMCICXUAO,0000,false,,smart_board,null,-1,-1
SHMYOYEBINENXJOS,2015-09-12 16:19:35,WUFLVKZQHNXEGAWC,GOFLRROVLTYOERQE,0000,false,,smart_board,null,-1,-1
TZBXJUURZPRULKYF,2015-09-13 16:19:35,DUOXEREYWIETOJNT,PPHOGBTIVVLKVJQE,0000,false,,smart_board,null,-1,-1
JPBLZERCXRGTSXQN,2015-09-14 16:19:35,MYFYIBYIHVCKTTMS,MNYLAWCOOCQPFPMV,0000,false,,smart_board,null,-1,-1
TRJZXFSAHRPXJAYY,2015-09-15 16:19:35,AISISLBJBPUPQWVU,TEQVWFUHFPTMMHAM,0000,false,,smart_board,null,-1,-1
UJEYBWQDQATYFAJP,2015-09-16 16:19:35,RSVLKYCGOZUMLHTR,MNKTEJEBTNGYURDO,0000,false,,smart_board,null,-1,-1
OHEGIKEBHGHRUJLE,2015-09-17 16:19:35,MJBWTWYVEXCRLDCR,LCGUPECQFMYSIINH,0000,false,,smart_board,null,-1,-1
WPIMUYCVFDGPOUQT,2015-09-18 16:19:35,DZSEOZLCHBTCZTOR,ZSOKKBNVYKCBZPWP,0000,false,,smart_board,null,-1,-1
AFAALNHYCLFBFQGJ,2015-09-19 16:19:35,UMIWKZFYAIPDEJVK,XQFJVTVOAFNSVIRJ,0000,false,,smart_board,null,-1,-1
QLXXORANWXVOTYIF,2015-09-20 16:19:35,BGPCAHIBMCHHLFOX,QLJJQAKWPXKMJMCC,0000,false,,smart_board,null,-1,-1
FNWPWMOETLDOHXUX,2015-09-21 16:19:35,HKVKABBDGAJULFEQ,XKJHKNKYGZPJLIBM,0000,false,,smart_board,null,-1,-1
URBLJQOHKOPYMFQO,2015-09-22 16:19:35,UAYSCXUDUOZNZTZL,FBCGMSSVLMBEWGXT,0000,false,,smart_board,null,-1,-1
YPTAJXUCBFKXEXUB,2015-09-23 16:19:35,MFKDPJKIFGYMNAWL,DYEVLIEVNWETWCSV,0000,false,,smart_board,null,-1,-1
SWFQQPAOFFRVUDNE,2015-09-24 16:19:35,HLGAULLJFOXIAEKR,OWXGSRDJAOUFOHBX,0000,false,,smart_board,null,-1,-1
IZJGOXMXQCLKACAO,2015-09-25 16:19:35,JHTWIFSCGGMCIDAF,XAILWVIDEGXVKZOG,0000,false,,smart_board,null,-1,-1
EKXTDMIZSAKBPUOT,2015-09-26 16:19:35,ANYXVEHLGOEEHLVK,HEKCLHQBQZXYMHMK,0000,false,,smart_board,null,-1,-1
JAKUXWPDATRAWJAS,2015-09-27 16:19:35,JFFJMNTQAUCRRUSI,ACVDASRANOABMVWL,0000,false,,smart_board,null,-1,-1
GHUMYPMZQZHFNLVI,2015-09-28 16:19:35,VNPDTCKIUZITSSCB,YRWUVKBRZMXYOBWR,0000,false,,smart_board,null,-1,-1
IWQLFCXJWSYCCEFL,2015-09-29 16:19:35,GHDNWTHUWXZFSENG,EOEEFFLTLXWAKUKI,0000,false,,smart_board,null,-1,-1
KWKFLLREGDWIOZLJ,2015-09-30 16:19:35,YFOAMLRMZQRMQFXE,BUZYQVPEIKUCEXSI,0000,false,,smart_board,null,-1,-1
BPCBXZJBERAAFKPL,2015-10-01 16:19:35,MVLADGUASSJWMFYP,OANMOUQLILDVXFDY,0000,false,,smart_board,null,-1,-1
EPOEIRHDNQJCVIMX,2015-10-02 16:19:35,IUKCRGXSESIWVSUF,EPDZVEQTCBQLQEDF,0000,false,,smart_board,null,-1,-1
XDXIWJOKRIMQFCET,2015-10-03 16:19:35,TJEIQUFNUCLIPBLM,XRVJQUBJLPLMEAFZ,0000,false,,smart_board,null,-1,-1
FJXMJPPXIOQSVBMM,2015-10-04 16:19:35,NRKVYVJUGNFUQUGI,FOMXONSDCUEUYECI,0000,false,,smart_board,null,-1,-1
BBMEUVWJSEKVFYFK,2015-10-05 16:19:35,TMZQBLFHOLGQSMCY,ALHNGVQTLANCTLIC,0000,false,,smart_board,null,-1,-1
TCKVJFYIBTEQEDSM,2015-10-06 16:19:35,EZWKLILQPAINMDUI,DJYECPCBJYLGCTKK,0000,false,,smart_board,null,-1,-1
XUTDNAUBOKYQRKMF,2015-10-07 16:19:35,QYEKVKXOFZIABUHW,KMFPSDISGPQTNWXY,0000,false,,smart_board,null,-1,-1
FRUPQONVZMZJUENA,2015-10-08 16:19:35,ASBLGMUUCAJVOAVH,NRUVZDFOPPINLGLZ,0000,false,,smart_board,null,-1,-1
XMLSJWWMLREPVJUX,2015-10-09 16:19:35,MCXJROKBGFJTWPEO,RKKNXJHEIHDRLBQB,0000,false,,smart_board,null,-1,-1
PFNYVTBVGNPRKMZQ,2015-10-10 16:19:35,ZRSXMUKYJDJHHLNZ,LLRHVNDGCUVAZABA,0000,false,,smart_board,null,-1,-1
CHWCGUIHNBHVYHDU,2015-10-11 16:19:35,UMTMQNUPDTBBEGSP,CCTWPLCZDUYDCILF,0000,false,,smart_board,null,-1,-1
KPIQLLRQMSCAIWYK,2015-10-12 16:19:35,NRPYQQQEMMXFZHMN,UDSQQUQEQZALLPKF,0000,false,,smart_board,null,-1,-1
KTOCVDQOSHCJUQTD,2015-10-13 16:19:35,ULDCLCJYCKCEGCAP,GXXAANERZSBJKBMS,0000,false,,smart_board,null,-1,-1
JHOQOILUBHZAAIZD,2015-10-14 16:19:35,UFXSLMGJMZWBJLOF,FZNDXEDEACIWTDAV,0000,false,,smart_board,null,-1,-1
CFTSXOTWOXLFOKDL,2015-10-15 16:19:35,TVLTGLTQNPSNIMNP,RUAXWCNGKZTQZFPR,0000,false,,smart_board,null,-1,-1
ZZPCOLZJRWSWAIDL,2015-10-16 16:19:35,KJPYFEAAKMXWXHCQ,BMOBLXTQGSKJSAUR,0000,false,,smart_board,null,-1,-1
DZQZABOJEGWEMXLW,2015-10-17 16:19:35,GDCJOEPOWBVCFZIJ,SGSQOPKFMIAKWWOB,0000,false,,smart_board,null,-1,-1
FSIWPXWWPMAEDPQT,2015-10-18 16:19:35,UAFNVOMADJHXXCPM,NFATWGBHJCNIYAHZ,0000,false,,smart_board,null,-1,-1
QOWGRIXHAGQEPLTA,2015-10-19 16:19:35,NQJXXHDXJZBXFPON,SOZCTUVHUVWLCAVK,0000,false,,smart_board,null,-1,-1
CVOGHLISLLCLRXIC,2015-10-20 16:19:35,QVQXBAPTUNCWNXYX,VZWQINLSFAGDKTSA,0000,false,,smart_board,null,-1,-1
KHBNAOBMTSVGUKCV,2015-10-21 16:19:35,NXTVIHMVDITIMBEC,EWKXHINLEWKHSWEV,0000,false,,smart_board,null,-1,-1
BJQKXBXQBBHBIHAE,2015-10-22 16:19:35,LAFHPJMBPWRIAMXG,GRSUVUPRIKHBQDDY,0000,false,,smart_board,null,-1,-1
YECKKVMULVUACHEG,2015-10-23 16:19:35,VUSUYPOMWYSUMVAA,MFNSMYAOZSSUDNTJ,0000,false,,smart_board,null,-1,-1
EUPGUIDUONVINVJB,2015-10-24 16:19:35,HLNNCBOBMFAQJNMT,CUKQIEMLOPIMUOQP,0000,false,,smart_board,null,-1,-1
TRQVQXNUPQIMSHND,2015-10-25 16:19:35,ITLPRLTTEBLWHHFA,WDUOYJTKJUOGIUSG,0000,false,,smart_board,null,-1,-1
TTVWQNLPXAUCHTOG,2015-10-26 16:19:35,ABHEGSDOWSMXSAGL,VTXYPDDXFCULJUVF,0000,false,,smart_board,null,-1,-1
DCMPCIDSCLMMWTSI,2015-10-27 16:19:35,HPMEKSNTFHMHHENV,TNRGWXPRPJCLAKWQ,0000,false,,smart_board,null,-1,-1
MTYJEHCSFMTUHMLT,2015-10-28 16:19:35,TGGALJAJGCVKQJHO,IBLMGJKZEIOSXFPU,0000,false,,smart_board,null,-1,-1
STSJLPEKANCWYJEL,2015-10-29 16:19:35,KTHUNVADOUOPRBHP,GCOBDODJEQTBVAVV,0000,false,,smart_board,null,-1,-1
LMDXUPJXAQLUZYIZ,2015-10-30 16:19:35,VBXDYVQTILIHHYRU,XLTLCDQCMSGMTGGY,0000,false,,smart_board,null,-1,-1
YIZYQXGJHTSEKNMP,2015-10-31 16:19:35,HFMFDDEBTLLQWDZF,KJVMGFYIWJAVUDWN,0000,false,,smart_board,null,-1,-1
QXOMHOMEJEKBUFOQ,2015-11-01 16:19:35,WAOGMAUWYWIOXCOC,IHFLQNPANUAAUEDM,0000,false,,smart_board,null,-1,-1
DTVJAUWCQONANIUN,2015-11-02 16:19:35,FBOGXMSOSDBOQJRU,DNPGADNJSFMLBEFK,0000,false,,smart_board,null,-1,-1
FYZPKITUMOIVKGMY,2015-11-03 16:19:35,CAYRVBGEBSIWOWFQ,QNAIJXBVQGOANTAK,0000,false,,smart_board,null,-1,-1
VRDPXTPJEEHTAUXK,2015-11-04 16:19:35,WHBWJPDMGFEQHFKH,BQHQMMPNIFTHFOYY,0000,false,,smart_board,null,-1,-1
AXOMOYJNPROOQLOA,2015-11-05 16:19:35,PFRNNTBKHHADNBQR,OATAJNGCEKKEHHNN,0000,false,,smart_board,null,-1,-1
IEATXGMSOUJZZACR,2015-11-06 16:19:35,CGRBQXDEQEAWECGX,TBGVYFVVSESQFAYZ,0000,false,,smart_board,null,-1,-1
UTEZALVDNJEEZWVO,2015-11-07 16:19:35,PBFQONWKQAGHCNXG,GSBQLODIKTTWUGIL,0000,false,,smart_board,null,-1,-1
QMPRIWGIRRPMEAJI,2015-11-08 16:19:35,ICQRXESKZPCLCTUH,UNMNBIMBSSTMILYV,0000,false,,smart_board,null,-1,-1
YGSDOITCDISRJYEY,2015-11-09 16:19:35,ZVPRSKCBVAIJPHYC,UPCFPRTSJMPSSRBA,0000,false,,smart_board,null,-1,-1
FQPPDBJNASJYJIXB,2015-11-10 16:19:35,XLEZWBTMBVNYCFEL,HPGHHEBZPTTGGAFS,0000,false,,smart_board,null,-1,-1
RVAXKOZGRWCPHPFH,2015-11-11 16:19:35,VCBSMKWCSLNVVPDX,TCEFQBUCUYTARBOZ,0000,false,,smart_board,null,-1,-1
WDWXEMWCZKEGKSOK,2015-11-12 16:19:35,NSANIVEHHQELOQNV,TJBPKKWXCJFXHDWB,0000,false,,smart_board,null,-1,-1
OIFMLJOCHZQCDLDL,2015-11-13 16:19:35,YWUXDRKGGZOOCPIE,NZABKRYUESSUQIGW,0000,false,,smart_board,null,-1,-1
VDPTEFARHILPEMWD,2015-11-14 16:19:35,UAQMDZCSSZEAYDWW,KYPFGVBWXXGCCZFU,0000,false,,smart_board,null,-1,-1
GLFIAGCYEGPFLEWE,2015-11-15 16:19:35,BRMUKZDIUSNSNOJH,LMEOTJVKLNFMKHPZ,0000,false,,smart_board,null,-1,-1
UIYJPKOIOEYOIOWS,2015-11-16 16:19:35,OMFRZHWSKOKQJLKC,ACYMLPMZFHUXQVEQ,0000,false,,smart_board,null,-1,-1
CMGWUUAWGDXLGQFB,2015-11-17 16:19:35,XRRHNRXAUSRIGIWM,QAAVTQOZKMFTRRSN,0000,false,,smart_board,null,-1,-1
OIARJHJANJNYLXVI,2015-11-18 16:19:35,BGGBUAKYPISVDTSB,RJSIKAYLROOVBPEJ,0000,false,,smart_board,null,-1,-1
VIAEBUCXBZXDSDNB,2015-11-19 16:19:35,HOQCFMSLWZZXBUBQ,VYWKTQQGKADYOKHF,0000,false,,smart_board,null,-1,-1
CJFSPOLHQQMCTELH,2015-11-20 16:19:35,DQKVGOWFONUKTBAM,FJACHAGBLJOKSDQD,0000,false,,smart_board,null,-1,-1
KXMQDDJBYFWDOEUK,2015-11-21 16:19:35,SSLUDPPDMHDJABYQ,DMSUWXGIGLIKUWTF,0000,false,,smart_board,null,-1,-1
VEDNTVZKJWZALMWM,2015-11-22 16:19:35,EFWIRMYGPIPJKZNB,NSUEETVZILZTWBQU,0000,false,,smart_board,null,-1,-1
LMXBNAROIAVDMJDJ,2015-11-23 16:19:35,IOYFZDLSUTLYLXJK,BUJGZZSNVUESXNSZ,0000,false,,smart_board,null,-1,-1
NXQSOHGRCBQFFUQF,2015-11-24 16:19:35,LIIBAPFPIHJGITSV,PIKDCAPLMMDKUDPD,0000,false,,smart_board,null,-1,-1
CXVTIFNYMGNSFEOG,2015-11-25 16:19:35,HFTAGPXAOGLVWMDS,GJVDQQGIIPSCZSKK,0000,false,,smart_board,null,-1,-1
WLHXVGPAQRNCRNML,2015-11-26 16:19:35,BHKQHHXNLGHFCGCW,YLOLPFKZZPNSCLOQ,0000,false,,smart_board,null,-1,-1
BYSXCDCAWNHGAPWI,2015-11-27 16:19:35,NVCTQNECSYQLDLKX,ILBWLRTDLFSEBYVZ,0000,false,,smart_board,null,-1,-1
SUCQRBLJWQDPXYZE,2015-11-28 16:19:35,ZWVYPIKHFNGFWQPS,JLBRWAAAUXJQEXRT,0000,false,,smart_board,null,-1,-1
HCREVJVPGPEXDFEZ,2015-11-29 16:19:35,RVZIBSICSKOXJGNI,NRBVOJTHKNNLPINM,0000,false,,smart_board,null,-1,-1
VVINKCDQRZPSAKGK,2015-11-30 16:19:35,ASQEAONHPNXZYZHJ,EIKCLNDGVFROVGCR,0000,false,,smart_board,null,-1,-1
LEYESOWTQJATQMAG,2015-12-01 16:19:35,RAQECVMEIWFVGVUD,PUNGISRRZXMCGQKU,0000,false,,smart_board,null,-1,-1
VNHCDPHRQXXFBVJJ,2015-12-02 16:19:35,XVHIQKBELLVPHBDY,DYLFCTLHHUWUVCBJ,0000,false,,smart_board,null,-1,-1
FGBBSIPFEJMSDSDN,2015-12-03 16:19:35,JDSLSWMWDELBFQWQ,UOZYTUZLXVZDOXUV,0000,false,,smart_board,null,-1,-1
TUVDGYCCNIRBKWNW,2015-12-04 16:19:35,YYTPTAKOSYHIKXGN,XNKFLHATLISRBLLJ,0000,false,,smart_board,null,-1,-1
GRHNLJEQNIAMZENS,2015-12-05 16:19:35,TXXEZVIMQLINNHXR,EUNTKBXTSDKASKEM,0000,false,,smart_board,null,-1,-1
GOSBJPIMLHRHMZZY,2015-12-06 16:19:35,GCPVJMVUZXRLSDDO,BPJGCWKODLDWKTGA,0000,false,,smart_board,null,-1,-1
BLAYHQTHPORHYVVR,2015-12-07 16:19:35,JGCXQAEVQKWJKGFL,MNGHXAHBCNBXWBTJ,0000,false,,smart_board,null,-1,-1
NHOAJJDQBVRJREAL,2015-12-08 16:19:35,LVMGLNCNPTAEBIYA,JGSTCKCYVIQLRRPM,0000,false,,smart_board,null,-1,-1
ZHZPOHUQWMTMIJKK,2015-12-09 16:19:35,KITXIMWTZEXAMJRK,ZQITHGXENQQKZWXY,0000,false,,smart_board,null,-1,-1
RPLOLFDIUPVLSUTU,2015-12-10 16:19:35,GWXJCRJOPWVLHJVU,FOSZKKLULMGIRMLQ,0000,false,,smart_board,null,-1,-1
BZJKWOZMKZVMESKK,2015-12-11 16:19:35,NSTFNLZINYDEVXZP,ZFOQZABZHXWQNNKI,0000,false,,smart_board,null,-1,-1
TPYPMCSIBZAAHUEQ,2015-12-12 16:19:35,HUWWBCHBDEFNLFKN,PSKQIPNIBVIMVLMU,0000,false,,smart_board,null,-1,-1
RFVGJLMQBYEPAIDV,2015-12-13 16:19:35,MWJSUVBALCVPWJQN,DLRLHWLSNFQTZAAC,0000,false,,smart_board,null,-1,-1
QFCYGPMNXHFKTDRS,2015-12-14 16:19:35,MRGTGRQZZNOZDHBN,OHBMJCSTVJZWOSYL,0000,false,,smart_board,null,-1,-1
CDAJSZNQKPTAWWNZ,2015-12-15 16:19:35,KKKGAPODASKDZQFJ,IVFHISCLSJLWTPLB,0000,false,,smart_board,null,-1,-1
QXGPRMEQWXLCCNYP,2015-12-16 16:19:35,EWGLILWCBRNCJOOY,TEBKJFCSFGLBMKSN,0000,false,,smart_board,null,-1,-1
XTGJABSUFJVASQNY,2015-12-17 16:19:35,JAABQHHUCKRFEWWA,GALJAGFIOVIYCRKN,0000,false,,smart_board,null,-1,-1
KOKJHXSZZCGTMNVV,2015-12-18 16:19:35,RNXFPLIJZMYDTOTS,DIXVNPHNBEXRFUND,0000,false,,smart_board,null,-1,-1
WOMFEFIBHWWTTERY,2015-12-19 16:19:35,AVHEIOQVVCMBAFNW,NLJBHHXRIKIBUCEF,0000,false,,smart_board,null,-1,-1
RVUDCQXYCNWSNDUC,2015-12-20 16:19:35,NVZIEMYNHTXGIEJY,LNLOXKFKCQXPGJAU,0000,false,,smart_board,null,-1,-1
RGRQPYPIBADTNXEB,2015-12-21 16:19:35,GSJOAOMTTEKCVJMG,JYCDTMBQQXITURRG,0000,false,,smart_board,null,-1,-1
TOBJQAHIOBQOOFSS,2015-12-22 16:19:35,JSKGGHLTGRZWCJEH,SGMQHFKTURMFZAIR,0000,false,,smart_board,null,-1,-1
MNSZWVELOJUHOBFV,2015-12-23 16:19:35,EQDAOKKJTNCQTSRT,POFUHWSJVOZITURR,0000,false,,smart_board,null,-1,-1
JWUFGEOUHZDFRDJF,2015-12-24 16:19:35,ULMCTPITOYWYLDFM,KOIMMSGVOVAQFVXX,0000,false,,smart_board,null,-1,-1
VCGJNFIZKAPBADSY,2015-12-25 16:19:35,BENSTECPOGXQRAOD,YLLAQMJGUTGINBMX,0000,false,,smart_board,null,-1,-1
TDGGOCTVJJVURRHB,2015-12-26 16:19:35,HRFLUOMZDQYXFHMG,EBTHKXNXBDFCWYSE,0000,false,,smart_board,null,-1,-1
HIQVICRDTCGHSHDN,2015-12-27 16:19:35,GMHNWAMDVBINJHVW,DLRYHPAPXMQBKBRT,0000,false,,smart_board,null,-1,-1
OXGVBEJHQCDOASDZ,2015-12-28 16:19:35,VDFTEKJIMQOMVROY,IJZKVHPDWXRPCLVJ,0000,false,,smart_board,null,-1,-1
AEKQOUWQUXVGABJH,2015-12-29 16:19:35,IXVBMRXXHIGGMCZV,MJNNJIKHNQXQWOKF,0000,false,,smart_board,null,-1,-1
RJNLOQFHXJYXOKHQ,2015-12-30 16:19:35,CXCGEUCATTYBTUEY,DTFPVQQQOHHFQUFM,0000,false,,smart_board,null,-1,-1
RRMARVFGZTDZELFV,2015-12-31 16:19:35,CXYTZRHLNMIHHMWG,MRTLGXLOUJSTMVOV,0000,false,,smart_board,null,-1,-1
EOSJOHAHQFDOTRAD,2016-01-01 16:19:35,UVAWJIEMLUFMBVTY,CBCPDDSSHONKTOKE,0000,false,,smart_board,null,-1,-1
IXCMLETSTHJRSDHG,2016-01-02 16:19:35,RRJUMBVNSLWSRJIB,CBKNCIGBGGWGQYWR,0000,false,,smart_board,null,-1,-1
CWTLTWGAJGIWPBEN,2016-01-03 16:19:35,DUYKOCDFPEFDIHYY,TNAFJASIQWZKSEGE,0000,false,,smart_board,null,-1,-1
VPRTEJHWDVQIPZJB,2016-01-04 16:19:35,WXWSHYXDKHZMYEKW,NWDNSXHIKMRCQRWU,0000,false,,smart_board,null,-1,-1
OOITCBUPRMJJVFKT,2016-01-05 16:19:35,JZSCVEJMFMHRXHBB,UAJLSXVOUOQRPCTV,0000,false,,smart_board,null,-1,-1
YQQBLWTKXHZFRRHH,2016-01-06 16:19:35,MESDQETLIMHQBOAA,CFCLCNLVRZQBJRFG,0000,false,,smart_board,null,-1,-1
IPNPKFFKLHGDJVJI,2016-01-07 16:19:35,DQYEBZZAZGTUMJMU,QENCXAPJJTJDQNHB,0000,false,,smart_board,null,-1,-1
WJMUFFFPWQFSZOZU,2016-01-08 16:19:35,ZHTMZSHJWDEGUJXT,LCHSTCNJZUPRYZWR,0000,false,,smart_board,null,-1,-1
BWVQXJSSPBVVHMLQ,2016-01-09 16:19:35,MCQPQTZMEPXWRSKP,FFKLCOBVGIKBETXX,0000,false,,smart_board,null,-1,-1
MXBJXVEEOTYCDIVM,2016-01-10 16:19:35,WTBYBDWKADHBBHKX,AFNBFHOSVKMBFWHT,0000,false,,smart_board,null,-1,-1
FYOXBEVLKGLUDAMF,2016-01-11 16:19:35,DWAUQEGDSEREVGZH,DNONXJJIHZABBKLN,0000,false,,smart_board,null,-1,-1
TRMHJEATIIEPRFVC,2016-01-12 16:19:35,GWKWNPPMWLXKVIET,AQRQKRGJPBTGTSJR,0000,false,,smart_board,null,-1,-1
GGBTOQWAIURSLUYY,2016-01-13 16:19:35,MNOTKPIAVJLRKXYM,JAFJGLFZZCAPTGOV,0000,false,,smart_board,null,-1,-1
KNCAJPVYHTRKPUQV,2016-01-14 16:19:35,MBLKPKRFOJWXTECK,AYLGIJWSJQMPMZZM,0000,false,,smart_board,null,-1,-1
UOZGFUFJAXDPCHXO,2016-01-15 16:19:35,WUIUOOZOIFOFNJLM,DSCSCXZDIQCGXCOC,0000,false,,smart_board,null,-1,-1
WDLGNIEJJOQZVPOB,2016-01-16 16:19:35,JPSVBIQGDBZJWPNR,HBDPHCFYMPHZABTX,0000,false,,smart_board,null,-1,-1
WVQWUALKCHKZAQPO,2016-01-17 16:19:35,BZDMTNLXGJVWOUNU,OGARRNOQYXEZYINF,0000,false,,smart_board,null,-1,-1
VOIHDXAFADHHSZFW,2016-01-18 16:19:35,IBNLZUBBKLCWZQMC,CWRACZPDSUQGFEAV,0000,false,,smart_board,null,-1,-1
GVSXMWVOPJDSFJQS,2016-01-19 16:19:35,NHGQBONTTGMLXOVR,QZUTIRLHDOPYENHV,0000,false,,smart_board,null,-1,-1
RFQGVDUMOEEKUVMU,2016-01-20 16:19:35,WZKBDJVUNHWANBTO,IKZDBTGBDJEABXHS,0000,false,,smart_board,null,-1,-1
ARKVLPCTTHPQYDWW,2016-01-21 16:19:35,NARXFHGPIKIECWOY,GLROQJZJLLNQPLLF,0000,false,,smart_board,null,-1,-1
FFVGYSEICDOMIKWL,2016-01-22 16:19:35,YCWNKCUVBTKWKJDI,OMMUQVMDNSMXFYNT,0000,false,,smart_board,null,-1,-1
NXNJDTSSPEQDKEJW,2016-01-23 16:19:35,NFKRHPIPKIIKESCF,AMBGBQHNGPLBQSAW,0000,false,,smart_board,null,-1,-1
WJQKFPOFWFCELLTM,2016-01-24 16:19:35,KNXHVWDHVQJRYCOV,DXLFCLIXKKNKYQXM,0000,false,,smart_board,null,-1,-1
KDKOGMFSXSNQLBVZ,2016-01-25 16:19:35,ZDNGRSJHMGHEXEOX,QSMRMVWKYPMIASUG,0000,false,,smart_board,null,-1,-1
HNNNSHZRSNJRIZGZ,2016-01-26 16:19:35,UMTNCDBZMQMEIRAW,WPPJOFRNJAIMLUDI,0000,false,,smart_board,null,-1,-1
HXXFIZUBHLCRISMU,2016-01-27 16:19:35,ZPPKWOGJUICWEEWW,HHRQRIZCSVMPFHPN,0000,false,,smart_board,null,-1,-1
JCFUMCRVFVFHMFKN,2016-01-28 16:19:35,IJVAEFKFIAGSJAEQ,NHNJRPRAEGKXOUER,0000,false,,smart_board,null,-1,-1
RGULGBOSSMFZCEFV,2016-01-29 16:19:35,VOKTWDIDVMVVNUJL,PUBOBGEXWDFQVOZR,0000,false,,smart_board,null,-1,-1
BPEVHNHRXDTPCQTU,2016-01-30 16:19:35,XWGCXSHULFLCLSVS,BRHUOFUHUPCDJIEY,0000,false,,smart_board,null,-1,-1
HETNXKIPFKHXPIQB,2016-01-31 16:19:35,LBUJHXNBBOYDXKFA,OAZQAGBRDFNWJHBT,0000,false,,smart_board,null,-1,-1
TSKHLEYUPWJIATEO,2016-02-01 16:19:35,CPIRCYULKUQDVRSA,EYGCBMFHOLZCWGON,0000,false,,smart_board,null,-1,-1
YQGDDGCDGPOTYHGI,2016-02-02 16:19:35,OOFCBGHNSNEEBGNU,RWPQEAXMPTTYVJJL,0000,false,,smart_board,null,-1,-1
OMLMKVVQOOMNUIKY,2016-02-03 16:19:35,WMVDABJADGDXNOSB,TGOBNNYQAHKOGWNQ,0000,false,,smart_board,null,-1,-1
NICGGXRJCVRCVOCQ,2016-02-04 16:19:35,OJIMCZRGQRMJNBDR,XDUTUSWLKHBPRKOG,0000,false,,smart_board,null,-1,-1
CLHWVEAONTCBWUEZ,2016-02-05 16:19:35,XXYPSGBJFSMUFWLQ,KRQBYHKGBGXKCSHQ,0000,false,,smart_board,null,-1,-1
EIEZPAGRZWNZULRO,2016-02-06 16:19:35,BTKNNTFGUMFIVISJ,FOTWOKCETSOMBEZQ,0000,false,,smart_board,null,-1,-1
ULEHTDJNDTGDOBPR,2016-02-07 16:19:35,XQAFLZQLKMCZYHFN,PAWCVYUCJRFOHRRQ,0000,false,,smart_board,null,-1,-1
XBGNGZCREKBLHEUZ,2016-02-08 16:19:35,WGICQNRTAMJNPGWB,MAUGKAHTYTGRAQLP,0000,false,,smart_board,null,-1,-1
SVNAGZTRGWTKILFK,2016-02-09 16:19:35,SDEFEAEGCWKALFQT,OPGFDRGYBQCQGDNN,0000,false,,smart_board,null,-1,-1
AEVFURJOOUXKLXSO,2016-02-10 16:19:35,QABHMVQHAHVEOZGX,ABDOMIZLHPSTZPYA,0000,false,,smart_board,null,-1,-1
FBSHVJPNLQMSAXLT,2016-02-11 16:19:35,CKVXXPBJOMHVPXED,DSRQOCUBETRUQQXB,0000,false,,smart_board,null,-1,-1
MIBLMAVOWIVBPJLO,2016-02-12 16:19:35,CTGPHAJIWEKXRPHH,HZEOZCJEVGAJLJOG,0000,false,,smart_board,null,-1,-1
AZNHUWGSIGLWQDSO,2016-02-13 16:19:35,RJPOATYAEAZYZGLG,MCTJPZWGWOPIWQLM,0000,false,,smart_board,null,-1,-1
PHMNJUBXAKKLVYUM,2016-02-14 16:19:35,RWUOHPKVFFKYPUVO,HMIIPPQSWCMZINCS,0000,false,,smart_board,null,-1,-1
QCPSQQHXMEYNMVVN,2016-02-15 16:19:35,FOQLZDYZVBSWDKJY,VEHLBXONWKMUIFNM,0000,false,,smart_board,null,-1,-1
TUKYJEXIHKQTANDN,2016-02-16 16:19:35,WMACHQQEVKFHEGJI,OMXERAEACZNDSRUT,0000,false,,smart_board,null,-1,-1
BTYASFCJZXCONEGQ,2016-02-17 16:19:35,IYIZRDUNRQHZJNAQ,JETCYWSGMNNWSGBH,0000,false,,smart_board,null,-1,-1
SVADFHJAJQHXUOER,2016-02-18 16:19:35,HTGMSTAHLDJAYOWN,FKYNBLVEICSUPWAT,0000,false,,smart_board,null,-1,-1
MHXMKBLUNXDTWXBY,2016-02-19 16:19:35,NDTLXBNUHHUSCLKP,UQWINCWTINVGGHJB,0000,false,,smart_board,null,-1,-1
PKXBYLSRUIHVIVMU,2016-02-20 16:19:35,AKSWNQMQBNFXIJAQ,JAHITBDRTMDLEWGJ,0000,false,,smart_board,null,-1,-1
XGYADIALBCDOZXET,2016-02-21 16:19:35,JGLJLBPVJBOASBIX,TARXSMGAUIJHFZXW,0000,false,,smart_board,null,-1,-1
IMNELUFZXLKDFIJR,2016-02-22 16:19:35,OURVKJJKVISIPNIB,VIPKUYPBZRAGXFWS,0000,false,,smart_board,null,-1,-1
EHOKSPHXSEXYLLSL,2016-02-23 16:19:35,AQFTFFSNCEZWCWGZ,YIUNGNPOZIPLGMDH,0000,false,,smart_board,null,-1,-1
SNXZATUSBDHPDKSD,2016-02-24 16:19:35,ITXOSCSUPHHZGHII,NIDSNBGKRKTVUCDX,0000,false,,smart_board,null,-1,-1
TYYGFHRJATOSUJSQ,2016-02-25 16:19:35,BWWJUFVCURAMBMMO,GCAQAADLNCNRYFCW,0000,false,,smart_board,null,-1,-1
OMXKJUPATIOELDBN,2016-02-26 16:19:35,OGEGLONVWRTHSYGK,BJVUKUTBINJICNSM,0000,false,,smart_board,null,-1,-1
LNKOEPNQOSHLNVFL,2016-02-27 16:19:35,MJMTJKCTVAKIDRXC,VNYAWXOQCUGCSYVZ,0000,false,,smart_board,null,-1,-1
COOPEJYXMZPYWNUJ,2016-02-28 16:19:35,HHJRVFGXWISQNBWP,LINJTZMIADHRWZVF,0000,false,,smart_board,null,-1,-1
GCBCGAKNMZUNIMXH,2016-02-29 16:19:35,NMLEFZMTWRGPPUFN,QVLAQDGHDJFQGAVV,0000,false,,smart_board,null,-1,-1
QRGBKVJIXPHGPDUC,2016-03-01 16:19:35,EEGUSBAYEKCJANBF,IBBIWXPNJGBYKHJD,0000,false,,smart_board,null,-1,-1
LVNFMYXMFLHGOJTU,2016-03-02 16:19:35,KLWSHJNASPCECCLK,CXLDXPQVVXMCMBMT,0000,false,,smart_board,null,-1,-1
JWMYNUIUPGBMTMRX,2016-03-03 16:19:35,MKVCNRUFOWHZMMFL,RECKCTDKWXBHFFNH,0000,false,,smart_board,null,-1,-1
YWNIOLPGWIPAPANI,2016-03-04 16:19:35,QOZVVHYAECCIVJNJ,JTOOCHUPILUOEYLD,0000,false,,smart_board,null,-1,-1
SZYLHCILDNJVONVJ,2016-03-05 16:19:35,LOBNEWJYEVCYAJLX,ICIGSKOKXDKGRSWI,0000,false,,smart_board,null,-1,-1
BRHBSNVMJDWLTAAV,2016-03-06 16:19:35,TEHDTXWJYBNNUMAV,BUDZXJZERYIXGEKN,0000,false,,smart_board,null,-1,-1
AGCWAAXWMUZQZPWH,2016-03-07 16:19:35,UVONSPOWOSQMULFD,EFRMEDQRNYVLGAUL,0000,false,,smart_board,null,-1,-1
VVEPUKTAJCDKUFTG,2016-03-08 16:19:35,IDUVKBRWIFHWBEWF,DIXCSDDTPXAJYUUC,0000,false,,smart_board,null,-1,-1
GQGTWNFMABKMLZWU,2016-03-09 16:19:35,MAKOIFVZFDOIQSGZ,YQRDIXTOOHGUUSSD,0000,false,,smart_board,null,-1,-1
JWWRPWWKFFBEMTFT,2016-03-10 16:19:35,MOLQXBQXYVIRXKGI,QNOIFBQEHYRCRLLM,0000,false,,smart_board,null,-1,-1
CHTQMULVPUGBAWOL,2016-03-11 16:19:35,AUIKKYRPTCDQKCJA,ODUKMCRKYYCVNVKM,0000,false,,smart_board,null,-1,-1
SOFYINEMIORCLUMT,2016-03-12 16:19:35,VDLXZLRHUXLGRNQA,BDDXPVWZXPFOECDO,0000,false,,smart_board,null,-1,-1
VFYRIDKNEYEJCXEI,2016-03-13 16:19:35,FVEITVIBXWCKACAD,GMEVCQTDHFRLMPUN,0000,false,,smart_board,null,-1,-1
SXGIFMAMSWCSCFCK,2016-03-14 16:19:35,JXVFIIVCDWOZRTFQ,IVIFHMUDQXGCUTHC,0000,false,,smart_board,null,-1,-1
